Site,Mean,Median,Slope,Pval,IAV,Type
1,20.13292082,19.96629737,-0.004787389,0.592490181,0.6540929,TR
2,18.76612323,18.71356098,0.008222189,0.408214895,0.385220209,TR
3,19.33836623,19.34225379,0.009494977,0.271287116,0.424470643,TR
4,19.06784576,19.16660623,0.017928676,0.453662366,0.782831028,TR
5,19.66949693,19.66702254,0.009147574,0.077128904,0.327209967,TR
6,18.7877744,18.8105966,0.005389784,0.426842609,0.332416005,TR
7,19.00966137,19.01766629,0.012883107,0.110117954,0.336190449,TR
8,17.95614753,17.92228993,0.064741153,1.14E-07,0.411382404,TR
9,19.5563255,19.46157008,-0.004739977,0.441845503,0.336530668,TR
10,19.06651127,19.07980372,0.061335279,1.95E-06,0.467729634,TR
11,21.18077586,21.12622006,-0.013279254,0.172615162,0.412199616,TR
12,20.58298043,20.51909822,-0.017181587,0.046980561,0.516644166,TR
13,20.53865192,20.48815816,-2.65E-05,0.976347077,0.286546609,TR
14,20.26948012,20.18685588,-0.007625435,0.057758189,0.330575995,TR
15,16.86608519,16.90806651,-0.005850872,0.802761792,0.578275477,TR
16,17.0183066,16.96300206,-0.008536593,0.342740466,0.397265223,TR
17,17.81617308,17.79800385,-0.033325876,0.005827257,0.693425041,TR
18,17.14921222,17.10874292,-0.017160882,0.123136276,0.536724737,TR
19,16.71050609,16.76003331,-0.008719506,0.614239542,0.836477404,TR
20,17.68331284,17.69227428,0.008232997,0.259887237,0.400040775,TR
21,17.41979347,17.39641947,0.033764699,0.006974724,0.628165649,TR
22,17.28337405,17.14434638,-0.00405391,0.709164504,0.561194315,TR
23,16.69660361,16.69126648,-0.002177277,0.709164504,0.426827089,TR
24,16.57117145,16.52985735,-0.014911337,0.094861077,0.326869502,TR
25,17.32736802,17.15910294,-0.032521565,0.04378698,0.885605801,TR
26,18.07761525,18.16594748,0.007218851,0.373752366,0.754682909,TR
27,17.06514247,16.78480326,-0.026299854,0.247555778,0.936046148,TR
28,17.84256898,17.93245661,0.008699901,0.458558746,0.470486099,TR
29,18.53979102,18.64770378,-0.02276076,0.04378698,0.625952267,TR
30,17.80382903,17.70566089,-0.017537361,0.406443338,0.732036465,TR
31,18.12143786,18.22540018,-0.011440878,0.085498733,0.393386304,TR
32,17.23602856,17.34207788,-0.016518927,0.109368087,0.535739171,TR
33,16.76943774,16.83122115,-0.066641915,0.000998225,1.021693633,TR
34,16.87052236,17.2000993,-0.058135138,0.002493028,0.885236083,TR
35,18.5146101,18.71930907,-0.023575472,0.040778692,0.637006233,TR
36,20.17550041,20.1759482,-0.020503977,0.040778692,0.501937063,TR
37,20.67876128,20.78766736,0.007875897,0.566446142,0.640595933,TR
38,19.55514735,19.59484072,0.005335867,0.678080109,0.564970494,TR
39,22.03754713,22.01883206,0.041632229,3.77E-05,0.436825548,TR
40,23.71649731,23.86591719,-0.012725465,0.202343887,0.546769001,TR
41,21.03853702,21.01925149,0.034999438,0.001108723,0.494151527,TR
42,21.28206949,21.27561711,0.021325671,0.013860537,0.467858095,TR
43,18.43024157,18.5698495,-0.011085651,0.573210979,1.270377414,TR
44,23.23516527,23.29755404,-0.04061282,0.000724929,0.529180144,TR
45,21.23739997,21.31844824,-0.001447304,0.812508546,0.446031012,TR
46,20.42176333,20.47240959,0.017992506,0.003665604,0.361520769,TR
47,18.43996547,18.39263317,0.034079132,0.001851125,0.61648367,TR
48,19.08872062,19.07110318,0.016491343,0.13051015,0.599759489,TR
49,18.48089833,18.41980637,0.021030906,0.074406914,0.498104666,TR
50,17.78803034,17.78833542,-0.010027804,0.099826764,0.273532139,TR
51,23.1483305,22.93512265,0.072285405,2.04E-09,0.272635902,TR
52,21.43072699,21.53847499,0.00932277,0.476729058,0.693113504,TR
53,20.18097054,20.24836802,0.013987788,0.102956008,0.460203449,TR
54,21.4334686,21.53339051,0.007802995,0.467546063,0.697475473,TR
55,20.1934107,20.26009139,0.01448633,0.116091857,0.453537185,TR
56,19.08621798,19.10567185,0.004167027,0.506130717,0.292863014,TR
57,17.28372436,17.14207908,0.039561967,0.00029888,0.423918111,TR
58,18.24954355,18.26310711,0.04022581,1.96E-05,0.391893501,TR
59,17.68168066,17.70837608,-0.019315627,0.001202307,0.311742472,TR
60,19.70495678,19.73481344,-0.009643328,0.466468277,0.602679374,TR
61,18.36558903,18.38454118,-0.016243187,0.056674503,0.463351364,TR
62,17.44382578,17.49066384,-0.008768872,0.085454292,0.239710993,TR
63,17.20607403,17.19329902,0.004609432,0.19843041,0.225119351,TR
64,19.46917111,19.56510564,0.004208282,0.653187872,0.416782487,TR
65,18.83945614,18.82656152,0.057676323,2.44E-05,0.54770978,TR
66,19.07205498,19.03676425,0.019329479,0.0033329,0.326354821,TR
67,16.09033171,16.10687719,0.004099659,0.377138203,0.3344547,TR
68,20.66957384,20.57322432,-0.035112244,1.74E-06,0.216379236,TR
69,20.63585376,20.63381761,-0.035474812,3.19E-08,0.165519827,TR
70,21.52048486,21.51746272,-0.002304013,0.353545768,0.17362618,TR
71,21.71017242,21.69872098,0.002066154,0.568058624,0.180365281,TR
72,18.16603768,18.17006607,0.00693756,0.434311443,0.425905091,TR
73,18.34836925,18.27904038,-0.05868107,0.000116035,0.599581861,TR
74,18.29096104,18.37022374,0.017912287,0.202343887,0.740309811,TR
75,17.11635027,17.02899861,0.021707225,0.009078017,0.372772929,TR
76,20.36866893,20.4949687,-0.005431065,0.49528676,0.474136181,TR
77,17.53511241,17.45251972,-0.018512583,0.046980561,0.464983649,TR
78,19.23702318,19.37632003,-0.032439554,0.060816949,0.847517936,TR
79,18.66250788,18.62977683,0.026663119,0.110838581,0.576309413,TR
80,19.48162822,19.57538683,0.003792921,0.63099504,0.418756926,TR
81,19.44609313,19.37777412,0.023272537,0.081071985,0.509873363,TR
82,17.13046647,17.07121403,0.030647926,0.009031778,0.486319858,TR
83,17.34575199,17.36596604,0.013039171,0.225057145,0.420056129,TR
84,18.15328197,18.29218563,-0.016682054,0.138222105,0.628673887,TR
85,20.70462317,20.66162474,0.008563197,0.683336809,0.822613488,TR
86,18.64847419,18.72643787,0.008918171,0.61012677,0.607067598,TR
87,20.15527843,20.33640401,0.036849955,0.004781376,0.621385678,TR
88,19.89931045,19.98047176,0.029432495,0.006539518,0.435935646,TR
89,18.03428794,17.98981979,0.070757393,2.15E-05,0.625904272,TR
90,17.78640116,17.76701818,0.019025938,0.06153857,0.515706667,TR
91,16.29028424,16.33012673,0.017678589,0.095783373,0.413023781,TR
92,18.26479688,18.33110951,-0.020343212,0.066414908,0.453509209,TR
93,18.35423228,18.45026027,0.024447733,0.01078891,0.417155059,TR
94,17.93862834,17.87673973,-0.014257898,0.221049562,0.544052641,TR
95,17.92505989,17.91607349,-0.004834531,0.709164504,0.461088436,TR
96,18.62235638,18.77490724,-0.024670685,0.017696356,0.598204157,TR
97,17.86004125,17.71049574,0.01774738,0.35803517,0.99474815,TR
98,18.6140133,18.58423153,-0.006254201,0.399023523,0.2730804,TR
99,18.55754926,18.6033141,-0.027884425,1.97E-06,0.209441807,TR
100,18.14016174,18.22696236,-0.011285831,0.089198342,0.350432422,TR
101,17.90116624,17.97119568,-0.009964491,0.224135675,0.428883647,TR
102,18.74622502,18.84147221,-0.030847814,1.16E-06,0.22937334,TR
103,18.4097601,18.47649728,-0.011954642,0.066028378,0.356818996,TR
104,18.38817162,18.35912626,-0.020356649,5.52E-05,0.228456194,TR
105,21.60491462,21.69561127,0.077034012,1.50E-05,0.847403429,TR
106,23.62294977,23.7584532,0.028538232,0.070515954,0.828000095,TR
107,21.90921678,22.04924717,0.056097615,2.81E-06,0.637208562,TR
108,18.19288995,18.04460019,-0.035824436,0.009078017,0.663043254,TR
109,20.95940051,21.08751439,0.05135473,8.27E-07,0.290561826,TR
110,21.2114049,21.29721787,0.047885661,1.62E-07,0.264102013,TR
111,22.26654482,22.22814599,0.031861875,2.37E-06,0.224105998,TR
112,20.02082219,20.0252827,0.003756037,0.61012677,0.365925521,TR
113,19.2514789,19.019537,-0.024597186,0.116091857,0.986327752,TR
114,19.26542932,19.20725128,-0.00954062,0.475320239,0.466801678,TR
115,17.58539719,17.63924155,-0.011065585,0.426842609,0.539089717,TR
116,16.37959999,16.40302139,0.011669379,0.178313608,0.416185809,TR
117,19.53185987,19.49073286,0.002925184,0.661499203,0.5496424,TR
118,18.09576276,18.22166727,-0.01554424,0.131521222,0.511321237,TR
119,16.98287012,17.02341344,0.01053405,0.140025189,0.358868624,TR
120,18.57077354,18.65292532,0.005972074,0.445956581,0.53336662,TR
121,15.44093599,15.46605615,-0.005218069,0.263167757,0.374716605,TR
122,20.6368794,20.70894851,0.01178525,0.338738311,0.537465619,TR
123,18.55584627,18.5845164,0.002697056,0.678080109,0.336945192,TR
124,18.50447584,18.5664375,-0.020519164,0.012756117,0.348980532,TR
125,18.60576939,18.54475706,-0.003476316,0.812508546,0.468691349,TR
126,18.78758774,18.85631451,-0.043165284,0.0004708,0.409865089,TR
127,19.29057888,19.38681534,-0.00322683,0.766856768,0.699969096,TR
128,16.97201268,16.84275111,-0.013547513,0.411530151,0.776274447,TR
129,21.27018715,21.28956653,0.015905967,0.026711985,0.35195222,TR
130,21.18153635,21.14002743,-0.00329718,0.453662366,0.218934619,TR
131,18.31809001,18.34910597,-0.025122947,0.224135675,1.104548481,TR
132,21.16912937,21.20187419,0.004834203,0.617392769,0.419489522,TR
133,19.46346097,19.53542369,-0.039170674,0.001763954,0.558371632,TR
134,17.7618329,17.85449464,0.00379611,0.733910494,0.479973289,TR
135,17.10785102,17.24939615,-0.015661384,0.237301779,0.509344731,TR
136,18.01098875,17.95917027,-0.002608064,0.909622135,0.772261726,TR
137,18.33122305,18.43136516,0.005672977,0.759653752,0.627593232,TR
138,17.75075828,17.74759433,-0.023350646,0.000436073,0.322062747,TR
139,15.39280616,15.41406163,0.008565181,0.082712383,0.216707478,TR
140,17.87778222,17.86630018,0.026317754,0.001732676,0.313340193,TR
141,20.9582374,20.93992896,0.014610902,0.095024765,0.378031077,TR
142,19.78425285,19.83343615,0.004657873,0.42940219,0.328131248,TR
143,17.37232782,17.33994267,0.023075903,0.045695472,0.508535647,TR
144,17.89838146,17.86319058,-0.034229079,3.77E-05,0.338872007,TR
145,18.08202898,18.11697785,0.004399123,0.570323003,0.434496967,TR
146,16.92519608,16.77993378,-0.069944138,0.000314275,0.693748022,TR
147,18.69708274,18.73530314,-0.011670769,0.088619061,0.357368904,TR
148,18.37686257,18.48459579,-0.025147564,0.006765991,0.383069249,TR
149,22.1172231,22.1445942,0.013939481,0.004104933,0.231712533,TR
150,22.14039518,22.12330108,-0.01610327,0.001967597,0.170556021,TR
151,22.15350762,22.15744041,0.016057863,7.35E-06,0.110125442,TR
1,24.03689455,24.06126643,-0.000801145,0.453662366,0.069895219,Jacobs
2,23.98467922,23.99099196,-0.001060693,0.485610385,0.075163155,Jacobs
3,24.13978143,24.1579347,0.000377788,0.744891473,0.072945206,Jacobs
4,24.11497732,24.11749759,-0.000781594,0.592490181,0.065470654,Jacobs
5,24.10626605,24.11034481,0.000272321,0.858423782,0.06922791,Jacobs
6,24.11205592,24.11620311,0.000322912,0.782794086,0.070381278,Jacobs
7,24.10228695,24.10745289,-0.000450675,0.759653752,0.066580291,Jacobs
8,24.10626605,24.11034481,0.000272321,0.858423782,0.06922791,Jacobs
9,24.10541859,24.11323673,-0.000207477,0.92527573,0.067199887,Jacobs
10,24.17460721,24.17478007,0.000328049,0.7856661,0.065822071,Jacobs
11,23.14857182,23.16184923,-0.003905641,0.040778692,0.135541288,Jacobs
12,23.14857182,23.16184923,-0.003905641,0.040778692,0.135541288,Jacobs
13,22.96132509,22.98037239,-0.003518476,0.247555778,0.144842554,Jacobs
14,22.96132509,22.98037239,-0.003518476,0.247555778,0.144842554,Jacobs
15,23.08729939,23.09307071,0.001267373,0.721226099,0.126861266,Jacobs
16,22.8966864,22.90486836,-0.000898729,0.699914766,0.164558119,Jacobs
17,22.8966864,22.90486836,-0.000898729,0.699914766,0.164558119,Jacobs
18,22.92955869,22.93364952,-0.000181305,0.952714935,0.187946994,Jacobs
19,22.97354731,22.9299332,-0.000782963,0.789592371,0.146084984,Jacobs
20,22.73689741,22.74793441,0.002517327,0.313424629,0.184939625,Jacobs
21,22.30423183,22.31394129,-0.003983899,0.154693674,0.160441485,Jacobs
22,22.67420057,22.65165834,-0.003139333,0.322563517,0.158623206,Jacobs
23,22.27952973,22.2645222,-0.005106631,0.223895801,0.219012797,Jacobs
24,22.27952973,22.2645222,-0.005106631,0.223895801,0.219012797,Jacobs
25,22.26277307,22.31305644,-0.006125694,0.327869973,0.279692179,Jacobs
26,22.60341022,22.70769999,-0.007665104,0.053957497,0.279898897,Jacobs
27,22.09143351,22.10096006,-0.01215947,0.015048543,0.26654217,Jacobs
28,22.70599354,22.63887013,-0.006774671,0.299404607,0.365996803,Jacobs
29,21.76589106,21.79282245,-0.004335599,0.614239542,0.376973019,Jacobs
30,20.98796499,21.01860595,-0.020931086,0.053957497,0.562600607,Jacobs
31,21.38765443,21.57667138,-0.025657459,0.010778342,0.528992314,Jacobs
32,22.21424471,22.2165416,-0.010882957,0.037947435,0.256067272,Jacobs
33,22.158111,22.22462471,-0.011996874,0.030436062,0.323649254,Jacobs
34,21.87364666,21.87833211,-0.017922831,0.030436062,0.398595723,Jacobs
35,22.26897087,22.28572823,-0.020967969,0.001511685,0.352032323,Jacobs
36,22.75427649,22.77696094,-0.004833647,0.213038678,0.182069982,Jacobs
37,22.88829951,22.93506512,-0.006526604,0.091240324,0.205725372,Jacobs
38,23.38599095,23.37633419,-0.003570297,0.096846545,0.10734442,Jacobs
39,23.53696627,23.54015409,-0.001969965,0.440783367,0.103267628,Jacobs
40,23.38599095,23.37633419,-0.003570297,0.096846545,0.10734442,Jacobs
41,23.55776284,23.58649099,-0.003640599,0.192045778,0.121099988,Jacobs
42,23.53696627,23.54015409,-0.001969965,0.440783367,0.103267628,Jacobs
43,23.63989968,23.64404278,-0.002082738,0.327869973,0.116298568,Jacobs
44,23.50092864,23.49452991,-0.002461882,0.35803517,0.113150633,Jacobs
45,23.22611396,23.2613809,0.000586422,0.929124301,0.155043086,Jacobs
46,23.22611396,23.2613809,0.000586422,0.929124301,0.155043086,Jacobs
47,23.08517038,23.11508242,-0.003378252,0.192045778,0.145911241,Jacobs
48,23.16477713,23.21179172,-0.003303724,0.213038678,0.152526165,Jacobs
49,23.28323486,23.30777012,-0.004188233,0.225057145,0.154541282,Jacobs
50,23.54003755,23.55341792,-0.002219283,0.299404607,0.106360913,Jacobs
51,23.37350262,23.36536378,-0.000292905,0.886504806,0.118661234,Jacobs
52,23.34509524,23.36417152,-0.000858828,0.699914766,0.146316066,Jacobs
53,23.34509524,23.36417152,-0.000858828,0.699914766,0.146316066,Jacobs
54,23.34509524,23.36417152,-0.000858828,0.699914766,0.146316066,Jacobs
55,23.34509524,23.36417152,-0.000858828,0.699914766,0.146316066,Jacobs
56,23.46245846,23.46336699,0.001076698,0.426842609,0.069220797,Jacobs
57,23.66424937,23.66843852,0.002728374,0.115719755,0.076527324,Jacobs
58,23.41815973,23.43601004,0.002269914,0.224135675,0.114336641,Jacobs
59,23.81882347,23.81788573,-0.000774142,0.675691865,0.084889024,Jacobs
60,23.82606406,23.8488673,-0.003044368,0.271287116,0.120384948,Jacobs
61,23.82606406,23.8488673,-0.003044368,0.271287116,0.120384948,Jacobs
62,23.81882347,23.81788573,-0.000774142,0.675691865,0.084889024,Jacobs
63,23.81882347,23.81788573,-0.000774142,0.675691865,0.084889024,Jacobs
64,23.82606406,23.8488673,-0.003044368,0.271287116,0.120384948,Jacobs
65,23.56428226,23.59167378,-0.004477963,0.320136568,0.158594145,Jacobs
66,23.36636199,23.3854589,0.001718113,0.440783367,0.142365307,Jacobs
67,22.45744149,22.4451118,-0.001187119,0.675691865,0.200574252,Jacobs
68,23.29016495,23.27561113,-0.001409344,0.642743176,0.121412451,Jacobs
69,23.29016495,23.27561113,-0.001409344,0.642743176,0.121412451,Jacobs
70,23.53898003,23.53885997,-0.005156324,0.03228019,0.093698946,Jacobs
71,23.53898003,23.53885997,-0.005156324,0.03228019,0.093698946,Jacobs
72,23.64370898,23.66747008,-0.001215512,0.324235102,0.10326925,Jacobs
73,23.47779114,23.46961673,-0.006529962,0.004028237,0.109317682,Jacobs
74,23.47779114,23.46961673,-0.006529962,0.004028237,0.109317682,Jacobs
75,23.46400841,23.49154342,-0.008211394,2.91E-05,0.088247395,Jacobs
76,23.47779114,23.46961673,-0.006529962,0.004028237,0.109317682,Jacobs
77,23.1500881,23.18479811,-0.007471044,0.009895688,0.145410614,Jacobs
78,23.47301221,23.47983531,-0.00440127,0.091240324,0.132904836,Jacobs
79,23.13909414,23.14431201,-0.004668136,0.110838581,0.107728981,Jacobs
80,23.10459228,23.11818634,-0.00840048,0.002785926,0.120082845,Jacobs
81,23.31467652,23.33491268,-0.00320839,0.208829636,0.097937436,Jacobs
82,21.6277503,21.59059954,-0.002240021,0.661499203,0.255956618,Jacobs
83,21.65625236,21.6065005,-0.004308532,0.353545768,0.268767841,Jacobs
84,23.49579044,23.50586638,-0.003961515,0.011730305,0.091808158,Jacobs
85,23.41793429,23.38400763,-0.01034881,0.007243571,0.205658273,Jacobs
86,23.1296397,23.12884691,-0.007044941,0.000596334,0.096746434,Jacobs
87,23.1296397,23.12884691,-0.007044941,0.000596334,0.096746434,Jacobs
88,23.1296397,23.12884691,-0.007044941,0.000596334,0.096746434,Jacobs
89,23.1296397,23.12884691,-0.007044941,0.000596334,0.096746434,Jacobs
90,25.13984825,25.06421835,-0.012581203,0.044901376,0.349230013,Jacobs
91,24.15209325,24.14808824,-0.003181769,0.029589571,0.064940258,Jacobs
92,24.15209325,24.14808824,-0.003181769,0.029589571,0.064940258,Jacobs
93,24.15209325,24.14808824,-0.003181769,0.029589571,0.064940258,Jacobs
94,24.15209325,24.14808824,-0.003181769,0.029589571,0.064940258,Jacobs
95,23.8828109,23.89302114,-0.003295464,0.007457008,0.062173668,Jacobs
96,23.13977009,23.13731071,-0.004222585,0.02423927,0.119420948,Jacobs
97,23.40150724,23.40478765,-0.003812846,0.028234143,0.117496778,Jacobs
98,23.13034022,23.14499654,-0.008521335,0.000179676,0.096957163,Jacobs
99,23.36208333,23.36392973,-0.005234526,0.004575723,0.11073553,Jacobs
100,23.59584157,23.61788257,-0.008274374,0.07712322,0.272264963,Jacobs
101,25.6144926,25.62513479,-0.000205771,0.858806757,0.047651473,Jacobs
102,24.34555884,24.35133933,-0.000895347,0.192045778,0.038399803,Jacobs
103,25.6144926,25.62513479,-0.000205771,0.858806757,0.047651473,Jacobs
104,24.34555884,24.35133933,-0.000895347,0.192045778,0.038399803,Jacobs
105,24.43385216,24.48484476,-0.005184749,0.0033329,0.103313379,Jacobs
106,24.43385216,24.48484476,-0.005184749,0.0033329,0.103313379,Jacobs
107,24.22749653,24.2344108,-0.001914153,0.070515954,0.060230296,Jacobs
108,23.96488227,23.9725771,-0.001791701,0.080241886,0.055327625,Jacobs
109,23.46951781,23.49069135,-0.009612081,1.39E-06,0.085841915,Jacobs
110,23.47336641,23.49374209,-0.008885316,2.78E-06,0.087935836,Jacobs
111,23.71982916,23.78844836,-0.024160575,1.73E-05,0.221086693,Jacobs
112,23.47197327,23.48569647,-0.006091707,0.00801491,0.114287853,Jacobs
113,23.92400534,23.9413447,0.000179501,0.835586434,0.070872544,Jacobs
114,23.67934226,23.66820877,-0.002844456,0.029589571,0.096887461,Jacobs
115,23.9223495,23.92847207,-0.009068668,0.022223862,0.244869627,Jacobs
116,23.60965278,23.6224768,-0.004961359,0.00111606,0.092343832,Jacobs
117,23.68047825,23.673293,-0.002560297,0.053636839,0.096746371,Jacobs
118,23.9223495,23.92847207,-0.009068668,0.022223862,0.244869627,Jacobs
119,23.60965278,23.6224768,-0.004961359,0.00111606,0.092343832,Jacobs
120,23.68047825,23.673293,-0.002560297,0.053636839,0.096746371,Jacobs
121,23.60965278,23.6224768,-0.004961359,0.00111606,0.092343832,Jacobs
122,23.43706743,23.434319,-0.000484043,0.865936215,0.124009887,Jacobs
123,23.37517755,23.40202051,-0.006111114,0.013860537,0.125569867,Jacobs
124,23.41293632,23.44092272,-0.006202227,0.011730305,0.137074896,Jacobs
125,23.55913685,23.57458704,-0.004565111,0.040778692,0.114050204,Jacobs
126,24.05749588,24.07621456,0.000205189,0.971535874,0.080188293,Jacobs
127,23.11805957,23.13183012,-0.002611689,0.28580934,0.177782017,Jacobs
128,23.29841898,23.35171159,-0.005039969,0.079968541,0.169749014,Jacobs
129,23.87923237,23.90042052,0.001417692,0.344577619,0.093155908,Jacobs
130,23.40276364,23.4037398,-0.000370045,0.47544905,0.024180791,Jacobs
131,23.72974689,23.7414472,-0.00101882,0.593562977,0.140696615,Jacobs
132,23.02706601,23.03691859,-0.006233348,0.029509993,0.146945513,Jacobs
133,21.8688498,21.89621748,-0.001941512,0.865038315,0.441456895,Jacobs
134,23.06551076,23.07177568,0.001420025,0.56334637,0.08977729,Jacobs
135,23.06167082,23.06403747,0.001547298,0.61252838,0.091482527,Jacobs
136,23.30897072,23.30862447,-0.003584812,0.338682987,0.148572837,Jacobs
137,22.98072224,22.94946925,-0.011383952,0.024862848,0.192215966,Jacobs
138,24.0702775,24.07779455,-0.001008774,0.411530151,0.046056719,Jacobs
139,23.55827344,23.58765004,0.001984065,0.485610385,0.141235533,Jacobs
140,23.56981578,23.60380013,0.00558809,0.081071985,0.134430726,Jacobs
141,21.16878168,21.16484464,-0.009513692,0.002231439,0.127007485,Jacobs
142,23.09195381,23.10039816,-0.000231696,0.987637742,0.099479442,Jacobs
143,22.50893135,22.51950062,0.014210346,0.035270278,0.286330687,Jacobs
144,22.35075935,22.37068999,-0.001598599,0.766856768,0.323417774,Jacobs
145,22.96951233,23.00736033,-0.004469269,0.094861077,0.11884549,Jacobs
146,22.81518306,22.8712339,-0.014627696,0.048657073,0.276197189,Jacobs
147,23.42664115,23.40518937,-0.006555804,0.039447365,0.148551675,Jacobs
148,24.04769853,24.07427607,-0.01947285,0.018703635,0.328223324,Jacobs
149,23.50606243,23.52838698,0.000869679,0.560903574,0.081403488,Jacobs
150,23.38661548,23.39505145,-0.001553113,0.377977518,0.090017658,Jacobs
151,23.50606243,23.52838698,0.000869679,0.560903574,0.081403488,Jacobs
1,24.5938735,24.6076938,0.000484402,0.617392769,0.053415413,Leuning
2,24.55303672,24.558413,0.000195688,0.858423782,0.058097155,Leuning
3,24.68944823,24.69557972,0.001368789,0.132849867,0.054740441,Leuning
4,24.68208678,24.68450548,0.000449434,0.802761792,0.048802705,Leuning
5,24.66529177,24.67463761,0.00110638,0.372443896,0.05208125,Leuning
6,24.67021436,24.6748985,0.001284848,0.306952953,0.053519645,Leuning
7,24.66179447,24.67437802,0.000526683,0.683336809,0.049976987,Leuning
8,24.66529177,24.67463761,0.00110638,0.372443896,0.05208125,Leuning
9,24.66351634,24.67437802,0.000651234,0.666151799,0.050318063,Leuning
10,24.73804982,24.74123678,0.000933908,0.30783043,0.047503304,Leuning
11,24.09643909,24.09889994,0.000965683,0.656512502,0.075271583,Leuning
12,24.09643909,24.09889994,0.000965683,0.656512502,0.075271583,Leuning
13,24.03473271,24.0494078,0.000710722,0.614239542,0.080913426,Leuning
14,24.03473271,24.0494078,0.000710722,0.614239542,0.080913426,Leuning
15,24.02669887,24.0340007,0.001222288,0.453662366,0.071675061,Leuning
16,23.88947017,23.89191172,0.003564046,0.080241886,0.103513713,Leuning
17,23.88947017,23.89191172,0.003564046,0.080241886,0.103513713,Leuning
18,23.96217869,23.98325576,0.006113895,0.0033329,0.113224973,Leuning
19,23.97802633,23.97915906,0.00265035,0.259887237,0.095005105,Leuning
20,23.79036205,23.79766298,0.005136729,0.004423146,0.124096239,Leuning
21,23.77019219,23.77439309,-0.001593173,0.423409616,0.110378721,Leuning
22,23.7744085,23.76828521,0.001695073,0.355310453,0.099147329,Leuning
23,23.59114181,23.60181049,-0.001116475,0.615168145,0.15782548,Leuning
24,23.59114181,23.60181049,-0.001116475,0.615168145,0.15782548,Leuning
25,23.63629417,23.64775054,0.002462912,0.49528676,0.155623049,Leuning
26,23.87544891,23.93188966,-0.00197663,0.406443338,0.191591305,Leuning
27,23.74648661,23.76197526,-0.000732679,0.812508546,0.138504586,Leuning
28,23.95705637,23.94751598,-0.003769587,0.440783367,0.204670212,Leuning
29,23.17531896,23.18940247,-0.001744125,0.722000355,0.26448611,Leuning
30,22.34369528,22.39193993,-0.0106907,0.09103053,0.347673194,Leuning
31,22.61880861,22.71903799,-0.012178786,0.035285132,0.32200816,Leuning
32,23.57179935,23.58767514,-0.001216074,0.699914766,0.172400375,Leuning
33,23.50370067,23.53735987,-0.00204485,0.635227394,0.216054706,Leuning
34,23.21200136,23.18042007,-0.006615818,0.259887237,0.25353074,Leuning
35,23.55010495,23.64079052,-0.009103444,0.037947435,0.262087199,Leuning
36,23.04087929,23.05753755,-0.004783558,0.28580934,0.177816304,Leuning
37,23.14916085,23.18660057,-0.007144085,0.065207174,0.200737703,Leuning
38,24.1006339,24.09289334,-0.001462813,0.299404607,0.080597454,Leuning
39,23.8581684,23.85065447,-0.001721896,0.514223458,0.113817574,Leuning
40,24.1006339,24.09289334,-0.001462813,0.299404607,0.080597454,Leuning
41,23.87890459,23.88679433,-0.003710289,0.116091857,0.120574916,Leuning
42,23.8581684,23.85065447,-0.001721896,0.514223458,0.113817574,Leuning
43,23.92291679,23.93206869,-0.001437741,0.614239542,0.125565538,Leuning
44,24.16999419,24.17374521,-0.000502197,0.812508546,0.09365655,Leuning
45,23.58668396,23.60439322,0.000507606,0.905595794,0.154964472,Leuning
46,23.58668396,23.60439322,0.000507606,0.905595794,0.154964472,Leuning
47,23.85738518,23.87035026,9.80E-05,0.952714935,0.106039463,Leuning
48,23.88510377,23.88601723,-0.000247808,0.835586434,0.11017952,Leuning
49,23.96996508,23.98051212,-0.001777247,0.617392769,0.122167044,Leuning
50,24.22782733,24.2329301,1.63E-05,0.976347077,0.076725866,Leuning
51,24.10762573,24.10043395,0.001607277,0.391793436,0.079673485,Leuning
52,23.65640105,23.67792891,0.000868491,0.766856768,0.152458321,Leuning
53,23.65640105,23.67792891,0.000868491,0.766856768,0.152458321,Leuning
54,23.65640105,23.67792891,0.000868491,0.766856768,0.152458321,Leuning
55,23.65640105,23.67792891,0.000868491,0.766856768,0.152458321,Leuning
56,24.13023772,24.13191613,0.002241734,0.053636839,0.050093485,Leuning
57,24.29996276,24.30243796,0.003479384,0.009925441,0.057191754,Leuning
58,23.71182607,23.73282536,0.004931633,0.061778819,0.119459379,Leuning
59,24.50377827,24.50026328,0.001089927,0.313869027,0.053013782,Leuning
60,24.23731582,24.22436266,-0.002036795,0.377138203,0.113846062,Leuning
61,24.23731582,24.22436266,-0.002036795,0.377138203,0.113846062,Leuning
62,24.50377827,24.50026328,0.001089927,0.313869027,0.053013782,Leuning
63,24.50377827,24.50026328,0.001089927,0.313869027,0.053013782,Leuning
64,24.23731582,24.22436266,-0.002036795,0.377138203,0.113846062,Leuning
65,23.98808226,23.96200484,-0.005185999,0.222740206,0.174099267,Leuning
66,24.03327764,24.04929012,0.005188021,0.011730305,0.109464604,Leuning
67,23.41369371,23.42124263,0.003011739,0.085454292,0.139016232,Leuning
68,23.66047386,23.65658084,9.76E-05,0.971535874,0.114963196,Leuning
69,23.66047386,23.65658084,9.76E-05,0.971535874,0.114963196,Leuning
70,23.85462021,23.85891502,-0.006513407,0.016816372,0.100164522,Leuning
71,23.85462021,23.85891502,-0.006513407,0.016816372,0.100164522,Leuning
72,24.26854351,24.28546219,8.78E-05,0.972882865,0.077216469,Leuning
73,23.82799389,23.82456843,-0.008123098,0.004028237,0.127995467,Leuning
74,23.82799389,23.82456843,-0.008123098,0.004028237,0.127995467,Leuning
75,24.22446593,24.23624626,-0.004356017,0.000418368,0.055753351,Leuning
76,23.82799389,23.82456843,-0.008123098,0.004028237,0.127995467,Leuning
77,23.96364924,23.97742201,-0.002179764,0.224135675,0.1025995,Leuning
78,23.7881043,23.78412067,-0.004637835,0.069855533,0.1379188,Leuning
79,23.95102241,23.96837338,-0.000495044,0.865936215,0.084154831,Leuning
80,23.93100026,23.95547298,-0.003269034,0.069855533,0.092470674,Leuning
81,23.67275144,23.67063973,9.32E-05,0.92527573,0.096820388,Leuning
82,22.9380106,22.89943311,-0.000758229,0.782794086,0.134465044,Leuning
83,22.94616698,22.90222805,-0.001703586,0.568058624,0.13522015,Leuning
84,24.21713966,24.22647331,-0.001173807,0.172615162,0.063513718,Leuning
85,23.73420509,23.71913369,-0.003115304,0.089198342,0.1037593,Leuning
86,23.92329369,23.92591391,-0.002670821,0.07712322,0.078364912,Leuning
87,23.92329369,23.92591391,-0.002670821,0.07712322,0.078364912,Leuning
88,23.92329369,23.92591391,-0.002670821,0.07712322,0.078364912,Leuning
89,23.92329369,23.92591391,-0.002670821,0.07712322,0.078364912,Leuning
90,24.73346494,24.79947217,-0.004761081,0.029589571,0.146854845,Leuning
91,24.78853543,24.78674411,-0.001149236,0.221049562,0.040601306,Leuning
92,24.78853543,24.78674411,-0.001149236,0.221049562,0.040601306,Leuning
93,24.78853543,24.78674411,-0.001149236,0.221049562,0.040601306,Leuning
94,24.78853543,24.78674411,-0.001149236,0.221049562,0.040601306,Leuning
95,24.59179197,24.59088605,-0.000937602,0.211786936,0.038186368,Leuning
96,23.92862377,23.93016157,-0.001374791,0.373752366,0.086667507,Leuning
97,23.72077545,23.73449761,-0.004565491,0.032783902,0.130896241,Leuning
98,23.92065715,23.91013759,-0.00366301,0.022223862,0.074962616,Leuning
99,24.11969469,24.11819464,-0.002179996,0.074772479,0.075367174,Leuning
100,23.87064922,23.87526198,-0.001527867,0.540623103,0.11595777,Leuning
101,24.94561438,24.94945193,0.001532064,0.001364392,0.023361403,Leuning
102,24.90869849,24.90834899,0.001228476,0.020743917,0.027641737,Leuning
103,24.94561438,24.94945193,0.001532064,0.001364392,0.023361403,Leuning
104,24.90869849,24.90834899,0.001228476,0.020743917,0.027641737,Leuning
105,24.85990414,24.8971731,-0.004194966,0.003027925,0.093644201,Leuning
106,24.85990414,24.8971731,-0.004194966,0.003027925,0.093644201,Leuning
107,24.82268389,24.83274919,-0.000524355,0.327869973,0.040868889,Leuning
108,24.62188049,24.62763241,-0.00030736,0.678080109,0.036668838,Leuning
109,24.17852062,24.18821311,-0.005030806,2.50E-05,0.060119022,Leuning
110,24.18112271,24.18858967,-0.004760175,4.08E-05,0.061316639,Leuning
111,23.89014219,23.92959841,-0.01165634,7.06E-06,0.100929982,Leuning
112,23.77717694,23.78699013,-0.005013192,0.027137506,0.123898329,Leuning
113,24.31036025,24.32562468,0.00155828,0.13051015,0.070236132,Leuning
114,24.04977449,24.05749424,-0.002681351,0.07712322,0.098863847,Leuning
115,24.04086241,24.0513879,-0.002272516,0.082712383,0.103281046,Leuning
116,24.30636109,24.31882399,-0.001949939,0.082712383,0.062739823,Leuning
117,24.04943344,24.05425085,-0.002453172,0.077128904,0.097488561,Leuning
118,24.04086241,24.0513879,-0.002272516,0.082712383,0.103281046,Leuning
119,24.30636109,24.31882399,-0.001949939,0.082712383,0.062739823,Leuning
120,24.04943344,24.05425085,-0.002453172,0.077128904,0.097488561,Leuning
121,24.30636109,24.31882399,-0.001949939,0.082712383,0.062739823,Leuning
122,24.11673692,24.11336499,0.000589349,0.865936215,0.093742512,Leuning
123,24.08355594,24.09692018,-0.003424412,0.035285132,0.089802867,Leuning
124,24.11553449,24.13340961,-0.003393986,0.04378698,0.097008104,Leuning
125,24.22793762,24.22883079,-0.001906969,0.327869973,0.083713841,Leuning
126,24.63196096,24.6514627,0.001105798,0.335338963,0.059994156,Leuning
127,23.52830694,23.54252709,0.000143511,1,0.166397989,Leuning
128,24.10468846,24.16001364,-0.001348149,0.299211561,0.099595568,Leuning
129,24.49318664,24.51447339,0.002285621,0.103755506,0.06942612,Leuning
130,23.73290255,23.73647854,0.00016475,0.592490181,0.025309361,Leuning
131,24.0438085,24.07162365,-0.001894349,0.476729058,0.162109279,Leuning
132,23.78631086,23.80539953,-0.004184497,0.100719627,0.110180967,Leuning
133,22.1596766,22.07196155,4.65E-06,1,0.394187939,Leuning
134,24.08132459,24.09126103,0.001100214,0.454555256,0.060744435,Leuning
135,24.07861075,24.0893584,0.001345277,0.358019719,0.061627755,Leuning
136,24.10291033,24.10862323,-0.002239846,0.527098311,0.101713905,Leuning
137,23.82957339,23.81663319,-0.006633959,0.029589571,0.120592065,Leuning
138,24.77296801,24.77918513,0.000638348,0.149590226,0.022087433,Leuning
139,24.55980012,24.57071111,1.62E-05,0.987061709,0.067018072,Leuning
140,24.5644698,24.5751398,0.001865386,0.419898899,0.065680789,Leuning
141,21.74961732,21.74171549,-0.00786365,0.048884634,0.149841194,Leuning
142,23.99954202,23.99927571,0.001391663,0.149590226,0.051405525,Leuning
143,23.71392941,23.72785668,0.008087346,0.01249863,0.144986133,Leuning
144,23.30684543,23.30095228,-0.000621761,0.858806757,0.22143367,Leuning
145,23.72571497,23.73231646,0.002074562,0.306952953,0.096830395,Leuning
146,23.78293419,23.83188267,-0.009295386,0.048657073,0.191528371,Leuning
147,24.18854106,24.17107457,-0.004053456,0.088619061,0.101642143,Leuning
148,24.09664613,24.14491423,-0.007168359,0.046083933,0.136000143,Leuning
149,23.82010764,23.84229494,0.001106974,0.586452625,0.086976223,Leuning
150,24.0473717,24.05034105,0.000362648,0.836526366,0.066339288,Leuning
151,23.82010764,23.84229494,0.001106974,0.586452625,0.086976223,Leuning
1,23.6643785,23.69717553,-0.003598333,0.353545768,0.171262092,Medlyn
2,23.47906964,23.49433925,-0.002833417,0.338682987,0.181513181,Medlyn
3,24.01627078,24.06441363,-0.001360793,0.698489477,0.188703695,Medlyn
4,24.04659945,24.05268453,-0.001417953,0.617392769,0.155111617,Medlyn
5,23.98655436,24.00385966,-0.000360706,0.935376529,0.173989852,Medlyn
6,23.99888539,24.00710555,-0.000214731,0.961198733,0.175676809,Medlyn
7,23.97821003,24.00328903,-0.002195586,0.56334637,0.169018078,Medlyn
8,23.98655436,24.00385966,-0.000360706,0.935376529,0.173989852,Medlyn
9,23.98526471,24.00443029,-0.001750073,0.666151799,0.172453734,Medlyn
10,24.37310404,24.38481277,0.001260926,0.708462963,0.160485266,Medlyn
11,22.89789059,22.95190689,-0.004850119,0.066028378,0.168659174,Medlyn
12,22.89789059,22.95190689,-0.004850119,0.066028378,0.168659174,Medlyn
13,22.67697802,22.71973934,-0.005119469,0.116091857,0.178975243,Medlyn
14,22.67697802,22.71973934,-0.005119469,0.116091857,0.178975243,Medlyn
15,22.56035673,22.56125208,0.000465738,0.943107962,0.167842022,Medlyn
16,22.16475018,22.17178849,0.005923227,0.109368087,0.190991435,Medlyn
17,22.16475018,22.17178849,0.005923227,0.109368087,0.190991435,Medlyn
18,22.06376607,22.10961493,0.007520254,0.009895688,0.202509592,Medlyn
19,22.41789662,22.3681852,-0.011548374,0.003665604,0.20284348,Medlyn
20,21.89419678,21.8762321,-0.000484979,0.905595794,0.184589124,Medlyn
21,21.883717,21.86538439,-0.002555732,0.389889534,0.186881665,Medlyn
22,21.83308417,21.7780098,-0.013481021,0.005553982,0.22000858,Medlyn
23,21.91965576,21.89986095,-0.009834029,0.049740271,0.242334866,Medlyn
24,21.91965576,21.89986095,-0.009834029,0.049740271,0.242334866,Medlyn
25,21.36068972,21.37080879,0.00236581,0.699914766,0.256728304,Medlyn
26,21.8431615,21.84597452,-0.003560858,0.476729058,0.317365401,Medlyn
27,21.93744057,21.93351164,-0.013666695,0.000210466,0.209438154,Medlyn
28,22.76083569,22.80895145,-0.029436742,0.000998225,0.394713264,Medlyn
29,20.59680113,20.61389487,0.001991665,0.858806757,0.348993075,Medlyn
30,19.59725662,19.53240657,-0.013106126,0.138222105,0.436294363,Medlyn
31,19.9518071,19.96150817,-0.015782329,0.061778819,0.397243886,Medlyn
32,21.27223093,21.29291104,-0.008736276,0.109368087,0.258779547,Medlyn
33,21.15651145,21.15248621,-0.011627781,0.057758189,0.262436197,Medlyn
34,20.85953275,20.81699195,-0.017233314,0.006377805,0.35754122,Medlyn
35,21.30911283,21.29111438,-0.012537765,0.066028378,0.341602266,Medlyn
36,22.9983426,23.06723887,-0.007396242,0.172615162,0.294557786,Medlyn
37,22.94522933,22.98037311,-0.008171081,0.125042727,0.280784915,Medlyn
38,22.26194111,22.25462206,-0.007139697,0.040778692,0.175496404,Medlyn
39,23.88125864,23.88358924,-0.004146113,0.259887237,0.173417392,Medlyn
40,22.26194111,22.25462206,-0.007139697,0.040778692,0.175496404,Medlyn
41,23.98052377,24.00488983,-0.006636271,0.146280557,0.195176672,Medlyn
42,23.88125864,23.88358924,-0.004146113,0.259887237,0.173417392,Medlyn
43,24.18993402,24.1906961,-0.004088528,0.235639887,0.198981474,Medlyn
44,22.69656759,22.69169906,-0.004961739,0.192045778,0.187469304,Medlyn
45,23.6918365,23.71837628,0.00037289,0.976347077,0.246121664,Medlyn
46,23.6918365,23.71837628,0.00037289,0.976347077,0.246121664,Medlyn
47,22.18006784,22.22246995,-0.01267759,0.00204592,0.202820923,Medlyn
48,22.39030262,22.41257683,-0.009825546,0.015048543,0.193148593,Medlyn
49,22.54332716,22.56135624,-0.010345811,0.038493605,0.202463921,Medlyn
50,22.72360902,22.74402461,-0.005213346,0.172615162,0.192158753,Medlyn
51,22.61728129,22.58024959,-0.000109406,0.971535874,0.208739299,Medlyn
52,23.68348533,23.70799898,-0.000298656,0.976347077,0.248302054,Medlyn
53,23.68348533,23.70799898,-0.000298656,0.976347077,0.248302054,Medlyn
54,23.68348533,23.70799898,-0.000298656,0.976347077,0.248302054,Medlyn
55,23.68348533,23.70799898,-0.000298656,0.976347077,0.248302054,Medlyn
56,22.54102737,22.5478614,0.002022866,0.485610385,0.124133119,Medlyn
57,23.06431113,23.03745655,0.001510616,0.408214895,0.130122798,Medlyn
58,23.84425329,23.89633989,0.004997055,0.138222105,0.193683453,Medlyn
59,23.85425873,23.84967267,-0.001918478,0.466468277,0.148000219,Medlyn
60,24.81807084,24.84414551,-0.004594413,0.125042727,0.183382229,Medlyn
61,24.81807084,24.84414551,-0.004594413,0.125042727,0.183382229,Medlyn
62,23.85425873,23.84967267,-0.001918478,0.466468277,0.148000219,Medlyn
63,23.85425873,23.84967267,-0.001918478,0.466468277,0.148000219,Medlyn
64,24.81807084,24.84414551,-0.004594413,0.125042727,0.183382229,Medlyn
65,24.45659546,24.49896352,-0.005728517,0.237301779,0.218336098,Medlyn
66,22.42355182,22.44327786,0.004191074,0.373752366,0.206852917,Medlyn
67,20.73755415,20.73961876,0.005826019,0.060816949,0.196349522,Medlyn
68,23.92243862,23.91786428,-0.004534907,0.238992788,0.176094437,Medlyn
69,23.92243862,23.91786428,-0.004534907,0.238992788,0.176094437,Medlyn
70,24.18797401,24.18525333,-0.010250617,0.01249863,0.138774741,Medlyn
71,24.18797401,24.18525333,-0.010250617,0.01249863,0.138774741,Medlyn
72,22.70959249,22.75168833,-0.002922255,0.434311443,0.185693341,Medlyn
73,24.18586911,24.17442574,-0.008220296,0.017696356,0.171862765,Medlyn
74,24.18586911,24.17442574,-0.008220296,0.017696356,0.171862765,Medlyn
75,23.10700921,23.15172701,-0.011809482,6.27E-05,0.132537343,Medlyn
76,24.18586911,24.17442574,-0.008220296,0.017696356,0.171862765,Medlyn
77,22.28039022,22.3120077,-0.005154469,0.172615162,0.16529839,Medlyn
78,23.87144283,23.86309697,-0.010163453,0.01775707,0.21157546,Medlyn
79,22.26010878,22.24598078,-0.004702974,0.30221577,0.159839031,Medlyn
80,22.21574097,22.23452799,-0.00943443,0.014989908,0.176671536,Medlyn
81,23.861818,23.88134305,-0.008578391,0.007309538,0.139822782,Medlyn
82,20.64424471,20.60501025,0.001284783,0.883962377,0.206610898,Medlyn
83,20.65473389,20.62013581,-0.000431716,0.914752339,0.208160233,Medlyn
84,22.7384597,22.75948122,-0.006819529,0.007621351,0.157842518,Medlyn
85,21.69089112,21.66943809,-0.005516429,0.126096569,0.210192514,Medlyn
86,22.08546158,22.08568855,-0.008271659,0.007243571,0.143887367,Medlyn
87,22.08546158,22.08568855,-0.008271659,0.007243571,0.143887367,Medlyn
88,22.08546158,22.08568855,-0.008271659,0.007243571,0.143887367,Medlyn
89,22.08546158,22.08568855,-0.008271659,0.007243571,0.143887367,Medlyn
90,24.27424526,24.1236774,-0.016982552,0.117895002,0.551900103,Medlyn
91,24.62206151,24.60837555,-0.005159451,0.06153857,0.127191077,Medlyn
92,24.62206151,24.60837555,-0.005159451,0.06153857,0.127191077,Medlyn
93,24.62206151,24.60837555,-0.005159451,0.06153857,0.127191077,Medlyn
94,24.62206151,24.60837555,-0.005159451,0.06153857,0.127191077,Medlyn
95,24.04045128,24.042951,-0.005912576,0.005553982,0.113292221,Medlyn
96,22.17554101,22.19458893,-0.0057596,0.057758189,0.161657022,Medlyn
97,23.87332369,23.89121339,-0.00634282,0.035285132,0.196808126,Medlyn
98,22.19684939,22.22565719,-0.010371344,0.0017494,0.149842257,Medlyn
99,22.67602039,22.67823423,-0.007513605,0.011550443,0.183900575,Medlyn
100,21.93919998,21.9223681,-0.005930209,0.276696354,0.290057281,Medlyn
101,25.14762799,25.162569,-0.003737223,0.015048543,0.088963142,Medlyn
102,24.99715344,25.00557511,-0.003038611,0.057758189,0.080154759,Medlyn
103,25.14762799,25.162569,-0.003737223,0.015048543,0.088963142,Medlyn
104,24.99715344,25.00557511,-0.003038611,0.057758189,0.080154759,Medlyn
105,26.00272016,26.1091943,-0.012323924,0.003027925,0.224210808,Medlyn
106,26.00272016,26.1091943,-0.012323924,0.003027925,0.224210808,Medlyn
107,24.70368315,24.7055109,-0.004888231,0.032783902,0.11827107,Medlyn
108,24.06718775,24.08465827,-0.002454862,0.299404607,0.11029749,Medlyn
109,23.04464792,23.04649568,-0.010702968,0.000314275,0.149499484,Medlyn
110,23.04996446,23.050155,-0.010069781,0.000433225,0.150830064,Medlyn
111,22.35753117,22.37317817,-0.019739906,0.000157818,0.231404657,Medlyn
112,23.80761257,23.80153567,-0.010770919,0.004298292,0.194813326,Medlyn
113,24.85181028,24.87893086,-0.000353061,0.812508546,0.138471556,Medlyn
114,24.37517886,24.37528387,-0.00601579,0.071605181,0.17083655,Medlyn
115,22.35709198,22.40440211,-0.007455869,0.131521222,0.263615777,Medlyn
116,23.1550543,23.16491418,-0.008525078,0.002425558,0.16336519,Medlyn
117,24.37754646,24.38031865,-0.004869674,0.115719755,0.170881093,Medlyn
118,22.35709198,22.40440211,-0.007455869,0.131521222,0.263615777,Medlyn
119,23.1550543,23.16491418,-0.008525078,0.002425558,0.16336519,Medlyn
120,24.37754646,24.38031865,-0.004869674,0.115719755,0.170881093,Medlyn
121,23.1550543,23.16491418,-0.008525078,0.002425558,0.16336519,Medlyn
122,22.47807025,22.47380065,-0.00425705,0.320136568,0.228379029,Medlyn
123,22.41711371,22.43873404,-0.01254137,0.00204592,0.205375269,Medlyn
124,22.46541994,22.48326354,-0.014114283,0.003027925,0.224834842,Medlyn
125,22.62178121,22.61015776,-0.009613623,0.02423927,0.218405257,Medlyn
126,23.7525092,23.80662176,0.001942344,0.592490181,0.199327857,Medlyn
127,23.72374556,23.68938113,-0.003430663,0.593562977,0.273758106,Medlyn
128,22.97081479,23.05696116,-0.00795054,0.049092158,0.232127099,Medlyn
129,23.26615594,23.31922367,0.001272852,0.63099504,0.215023265,Medlyn
130,24.05428863,24.05375325,-0.002428785,0.00306034,0.03919987,Medlyn
131,24.34499049,24.3491793,-0.00376,0.202343887,0.243874001,Medlyn
132,21.88956926,21.91978317,-0.012076627,0.006004807,0.177546643,Medlyn
133,21.94717437,21.98099452,-0.002331094,0.7856661,0.414386738,Medlyn
134,22.76827227,22.77488592,0.001417716,0.65855662,0.126296319,Medlyn
135,22.76027749,22.76467492,0.002194014,0.535905792,0.12617086,Medlyn
136,22.70857526,22.72695734,-0.01520356,0.000886176,0.210396925,Medlyn
137,22.00354566,21.96834405,-0.019868635,0.000407382,0.216390076,Medlyn
138,24.59587954,24.60374248,-0.002135686,0.245202584,0.087761033,Medlyn
139,23.58055615,23.58677951,-0.004435041,0.249580802,0.152752541,Medlyn
140,23.59587098,23.63204689,-0.001748402,0.721538652,0.15083706,Medlyn
141,21.4827583,21.46814364,-0.005181904,0.02818561,0.126089528,Medlyn
142,22.54400815,22.53769245,0.00100046,0.698489477,0.141977215,Medlyn
143,21.8695276,21.87140974,0.012496227,0.024578109,0.227460434,Medlyn
144,20.98594843,21.01022992,-0.007368447,0.327869973,0.345936426,Medlyn
145,22.2228376,22.21024481,0.002064849,0.709164504,0.174004807,Medlyn
146,21.98606711,22.02207229,-0.019438358,0.017336219,0.320203806,Medlyn
147,22.78362449,22.75782489,-0.013855691,0.013097125,0.281752823,Medlyn
148,22.59449108,22.58501681,-0.02288219,0.013097125,0.391736675,Medlyn
149,23.949891,23.95631486,0.000830934,0.807343274,0.160170075,Medlyn
150,22.30693238,22.3066895,-0.003926401,0.419898899,0.184700532,Medlyn
151,23.949891,23.95631486,0.000830934,0.807343274,0.160170075,Medlyn
1,21.99690093,21.98906102,-0.001769297,0.617392769,0.173082945,Prentice
2,21.84242511,21.85830449,-0.002792327,0.485610385,0.172649761,Prentice
3,22.12927569,22.12591183,-0.00203101,0.587608795,0.188020783,Prentice
4,22.13221861,22.13075581,0.000210275,0.971535874,0.134881734,Prentice
5,22.1932409,22.21269168,0.002521634,0.485610385,0.156846239,Prentice
6,22.20206355,22.22427786,0.002258397,0.570323003,0.156249927,Prentice
7,22.18772406,22.20159682,0.001714058,0.683336809,0.157107081,Prentice
8,22.1932409,22.21269168,0.002521634,0.485610385,0.156846239,Prentice
9,22.19005534,22.20159682,0.002819676,0.464434477,0.160626953,Prentice
10,22.42903847,22.45579838,0.003238975,0.35872017,0.141236681,Prentice
11,21.42948328,21.44150736,-0.005671594,0.096846545,0.149229008,Prentice
12,21.42948328,21.44150736,-0.005671594,0.096846545,0.149229008,Prentice
13,21.26300213,21.24545649,-0.005438723,0.085498733,0.144433824,Prentice
14,21.26300213,21.24545649,-0.005438723,0.085498733,0.144433824,Prentice
15,21.27375421,21.27435959,0.000212027,0.971535874,0.153494852,Prentice
16,21.06029745,21.06841991,-0.000766695,0.678080109,0.147102534,Prentice
17,21.06029745,21.06841991,-0.000766695,0.678080109,0.147102534,Prentice
18,20.45150661,20.47768751,-0.006498329,0.032783902,0.140230046,Prentice
19,20.79348562,20.77438949,-0.006100198,0.102956008,0.169184302,Prentice
20,20.49671917,20.49545787,-0.003077847,0.373752366,0.144243376,Prentice
21,20.46595505,20.48923387,-0.003837666,0.313424629,0.218077275,Prentice
22,20.32552122,20.26744872,-0.006256947,0.088619061,0.184057596,Prentice
23,20.08774157,20.05242111,-0.010072913,0.008210665,0.21728553,Prentice
24,20.08774157,20.05242111,-0.010072913,0.008210665,0.21728553,Prentice
25,19.31272201,19.28612396,-0.011354868,0.002748612,0.219805527,Prentice
26,19.18557555,19.17358942,-0.011994223,0.006974724,0.229532609,Prentice
27,19.61510437,19.60992132,-0.022005564,1.50E-05,0.214569289,Prentice
28,19.96096241,19.97990678,-0.016533944,0.020743917,0.345907471,Prentice
29,19.43832012,19.45542864,-0.012076276,0.002748612,0.210196123,Prentice
30,19.52195328,19.50839646,-0.01159036,0.006377805,0.247842093,Prentice
31,19.47780247,19.50886732,-0.011801567,0.011730305,0.247626457,Prentice
32,19.22356001,19.2140375,-0.021617269,1.96E-05,0.21309511,Prentice
33,19.23088094,19.18824088,-0.021258647,8.04E-05,0.223214104,Prentice
34,19.31551579,19.28466105,-0.02021813,0.00080717,0.275660203,Prentice
35,19.44240736,19.40323463,-0.016191779,0.007621351,0.320136294,Prentice
36,21.38588936,21.48113784,-0.014530952,0.013860537,0.30420311,Prentice
37,21.1461083,21.13670271,-0.013807832,0.028909956,0.264325165,Prentice
38,21.10305053,21.12170076,-0.003939808,0.046980561,0.112902324,Prentice
39,21.3149514,21.33261717,-0.006690799,0.011730305,0.143526511,Prentice
40,21.10305053,21.12170076,-0.003939808,0.046980561,0.112902324,Prentice
41,21.44918227,21.47365562,-0.008616251,0.020743917,0.176176551,Prentice
42,21.3149514,21.33261717,-0.006690799,0.011730305,0.143526511,Prentice
43,21.66469029,21.69234096,-0.002021237,0.553196054,0.170312169,Prentice
44,21.43032414,21.41953874,0.000184542,1,0.106982004,Prentice
45,21.85548953,21.87563669,-0.00573177,0.423409616,0.291379282,Prentice
46,21.85548953,21.87563669,-0.00573177,0.423409616,0.291379282,Prentice
47,21.27428095,21.28139542,-0.003981255,0.09103053,0.126751798,Prentice
48,21.42030337,21.41732957,-0.004523549,0.109368087,0.130429247,Prentice
49,21.41195861,21.41220793,-0.005344047,0.045695472,0.123356934,Prentice
50,21.48700576,21.47082017,-0.002275941,0.213038678,0.127103057,Prentice
51,21.90043939,21.90542216,-0.002118218,0.721226099,0.205653722,Prentice
52,21.64429702,21.6169531,0.003250252,0.533529914,0.267707431,Prentice
53,21.64429702,21.6169531,0.003250252,0.533529914,0.267707431,Prentice
54,21.64429702,21.6169531,0.003250252,0.533529914,0.267707431,Prentice
55,21.64429702,21.6169531,0.003250252,0.533529914,0.267707431,Prentice
56,21.79513882,21.78662318,0.00458999,0.039447365,0.105728328,Prentice
57,22.08027624,22.09871683,-0.001870497,0.527098311,0.122780146,Prentice
58,21.78256361,21.79307109,0.007041441,0.13051015,0.226526766,Prentice
59,22.48007245,22.49860794,-0.005723976,0.019301493,0.12608442,Prentice
60,21.99348386,22.04258892,-0.012475258,0.002270199,0.188868423,Prentice
61,21.99348386,22.04258892,-0.012475258,0.002270199,0.188868423,Prentice
62,22.48007245,22.49860794,-0.005723976,0.019301493,0.12608442,Prentice
63,22.48007245,22.49860794,-0.005723976,0.019301493,0.12608442,Prentice
64,21.99348386,22.04258892,-0.012475258,0.002270199,0.188868423,Prentice
65,21.7733844,21.80734841,-0.011565084,0.017206097,0.168172374,Prentice
66,21.49635156,21.49844031,0.007720352,0.017696356,0.157099444,Prentice
67,20.41434802,20.40091587,0.00323393,0.245202584,0.133184141,Prentice
68,21.77374036,21.79156728,-0.002249943,0.69468683,0.156905071,Prentice
69,21.77374036,21.79156728,-0.002249943,0.69468683,0.156905071,Prentice
70,22.09510228,22.08239257,-0.003110322,0.253526359,0.099988691,Prentice
71,22.09510228,22.08239257,-0.003110322,0.253526359,0.099988691,Prentice
72,21.74388262,21.78157573,0.004379011,0.048657073,0.151026279,Prentice
73,21.70298227,21.72527595,-0.00695501,0.050367868,0.191351471,Prentice
74,21.70298227,21.72527595,-0.00695501,0.050367868,0.191351471,Prentice
75,21.96494534,21.97426629,-0.006800691,0.009895688,0.118175161,Prentice
76,21.70298227,21.72527595,-0.00695501,0.050367868,0.191351471,Prentice
77,21.51445977,21.52750394,-0.006917171,0.020743917,0.140905506,Prentice
78,21.50682331,21.53039922,-0.014431634,0.005039645,0.223436246,Prentice
79,21.55185505,21.56269853,-0.00873,0.058150155,0.159348101,Prentice
80,21.52754965,21.55881758,-0.00981023,0.011550443,0.165987221,Prentice
81,21.63820786,21.63744418,-0.014149492,0.000685762,0.1630147,Prentice
82,19.95639204,19.96014632,-0.002951865,0.372443896,0.132364459,Prentice
83,19.9589993,19.96756765,-0.003240639,0.391793436,0.136373781,Prentice
84,21.68143091,21.68178315,-0.001969836,0.35803517,0.134872101,Prentice
85,21.44569442,21.43668423,-0.00417638,0.234144986,0.164876186,Prentice
86,21.46908187,21.48452978,-0.005535145,0.048657073,0.126437933,Prentice
87,21.46908187,21.48452978,-0.005535145,0.048657073,0.126437933,Prentice
88,21.46908187,21.48452978,-0.005535145,0.048657073,0.126437933,Prentice
89,21.46908187,21.48452978,-0.005535145,0.048657073,0.126437933,Prentice
90,21.77958012,21.79017553,-0.008458096,0.221049562,0.345318015,Prentice
91,22.09763454,22.07942059,-0.003210911,0.24778083,0.129360117,Prentice
92,22.09763454,22.07942059,-0.003210911,0.24778083,0.129360117,Prentice
93,22.09763454,22.07942059,-0.003210911,0.24778083,0.129360117,Prentice
94,22.09763454,22.07942059,-0.003210911,0.24778083,0.129360117,Prentice
95,22.07129032,22.06940154,-0.002366618,0.527098311,0.130426662,Prentice
96,21.71354766,21.72926645,-0.004258864,0.096846545,0.135833615,Prentice
97,21.7984187,21.81769383,-0.002691218,0.406443338,0.222014511,Prentice
98,21.77570218,21.80338906,-0.010591624,0.000204358,0.118939466,Prentice
99,21.76204089,21.76151424,-0.002599524,0.377138203,0.175376828,Prentice
100,21.54151557,21.53735134,-0.003790069,0.518367536,0.24700414,Prentice
101,22.16498867,22.18129192,0.000120015,0.952714935,0.173652855,Prentice
102,22.1770163,22.1709304,0.000364965,0.882149867,0.097710575,Prentice
103,22.16498867,22.18129192,0.000120015,0.952714935,0.173652855,Prentice
104,22.1770163,22.1709304,0.000364965,0.882149867,0.097710575,Prentice
105,22.16932747,22.16840132,-0.004093689,0.28580934,0.232694863,Prentice
106,22.16932747,22.16840132,-0.004093689,0.28580934,0.232694863,Prentice
107,22.25694508,22.24226984,0.000229997,0.929124301,0.103905842,Prentice
108,22.17620886,22.18852327,0.002976342,0.224135675,0.10851366,Prentice
109,22.30502032,22.33401714,-0.008729361,0.020804552,0.153610045,Prentice
110,22.30754039,22.33670619,-0.007635629,0.024190696,0.152002796,Prentice
111,22.24870556,22.25348738,-0.011635229,0.00300124,0.172711918,Prentice
112,21.51040997,21.48137589,-0.013529971,0.006539518,0.207037252,Prentice
113,22.18089234,22.20828698,0.005008984,0.096846545,0.161812851,Prentice
114,21.80358552,21.79552506,-0.005036269,0.234144986,0.204801186,Prentice
115,21.77387143,21.78735969,-0.003768989,0.355310453,0.209242785,Prentice
116,21.98520232,22.00713056,-0.004613756,0.071856486,0.150193176,Prentice
117,21.80663435,21.8190879,-0.00376777,0.372443896,0.204438167,Prentice
118,21.77387143,21.78735969,-0.003768989,0.355310453,0.209242785,Prentice
119,21.98520232,22.00713056,-0.004613756,0.071856486,0.150193176,Prentice
120,21.80663435,21.8190879,-0.00376777,0.372443896,0.204438167,Prentice
121,21.98520232,22.00713056,-0.004613756,0.071856486,0.150193176,Prentice
122,21.4494446,21.4905662,0.005922273,0.30221577,0.168537449,Prentice
123,21.53059456,21.56202261,-0.007105652,0.040778692,0.177464144,Prentice
124,21.4828994,21.51603052,-0.00932889,0.013860537,0.185433675,Prentice
125,21.58094051,21.60048086,-0.009393342,0.007621351,0.166569659,Prentice
126,21.82693495,21.81695781,0.007536234,0.063529535,0.170927418,Prentice
127,21.17727207,21.18257512,0.00568497,0.476729058,0.379048747,Prentice
128,21.89574958,21.91249832,0.003825562,0.411530151,0.206370043,Prentice
129,21.45657933,21.47049624,0.004551521,0.110505649,0.184536418,Prentice
130,23.52582428,23.52555347,0.00051039,0.432450424,0.029407275,Prentice
131,21.80651377,21.77671178,-0.000716205,0.722000355,0.270770681,Prentice
132,21.31905797,21.30667096,-0.012830722,0.003434292,0.172406938,Prentice
133,20.99484382,20.88078898,0.007124222,0.261963001,0.459336778,Prentice
134,20.87677542,20.90855725,0.008186027,0.00310269,0.117517939,Prentice
135,20.86708974,20.90319359,0.009301268,0.001732676,0.113717235,Prentice
136,21.58182953,21.59007159,-0.003065082,0.426842609,0.177054749,Prentice
137,21.07260248,21.05366415,-0.013158782,0.002218141,0.165122963,Prentice
138,21.8362693,21.83657766,3.12E-05,1,0.113411614,Prentice
139,19.85292045,19.8440928,0.001041134,0.807814217,0.136894948,Prentice
140,19.85677609,19.84339236,0.0020522,0.666151799,0.142272557,Prentice
141,18.57665209,18.53071486,0.003656181,0.119489686,0.152678745,Prentice
142,22.15086405,22.14676712,0.005193532,0.065207174,0.153622037,Prentice
143,20.09307828,20.10757356,0.015563204,0.002723886,0.191645734,Prentice
144,20.47015818,20.47445078,-0.001964462,0.533529914,0.241222752,Prentice
145,22.39297799,22.40148573,7.27E-05,0.987061709,0.16260927,Prentice
146,20.62135579,20.59420969,-0.015124071,0.008858993,0.240522179,Prentice
147,21.24799834,21.21534914,-0.01073543,0.088619061,0.305836428,Prentice
148,21.80744515,21.8283157,-0.014935133,0.053636839,0.380791236,Prentice
149,22.21735198,22.2023006,-0.004279817,0.358019719,0.180691809,Prentice
150,21.79509012,21.76069656,-0.00423954,0.338738311,0.171697649,Prentice
151,22.21735198,22.2023006,-0.004279817,0.358019719,0.180691809,Prentice